{
    "n_estimators": 482,
    "learning_rate": 0.02679122706083338,
    "max_depth": 7,
    "subsample": 0.7974276298335544,
    "colsample_bytree": 0.9212330848748563,
    "gamma": 0.3061991591903437,
    "lambda": 0.3287716726106956,
    "alpha": 0.27177192324084026
}