{
    "n_estimators": 226,
    "learning_rate": 0.023406990491855555,
    "max_depth": 3,
    "subsample": 0.9591227438270774,
    "colsample_bytree": 0.9999867231596112,
    "gamma": 1.7015167803111797,
    "lambda": 0.29988965990003863,
    "alpha": 0.02337458267373311
}