{
    "n_estimators": 178,
    "learning_rate": 0.01591414594773858,
    "max_depth": 5,
    "subsample": 0.8411611746084159,
    "colsample_bytree": 0.9982234350428301,
    "gamma": 6.911234325660264,
    "lambda": 0.19872695008374716,
    "alpha": 4.079520523537168
}